"Date Wise Prices for Specified Commodity on January, 2024 for Commodity : Tomato, State : Andhra Pradesh"
"Commodity : Tomato, State : Andhra Pradesh"

Arrival Date,Arrivals (Metric Tonnes),Variety,Minimum Price (Rs./Quintal),Maximum Price (Rs./Quintal),Modal Price (Rs./Quintal)
Market Name : Kalikiri APMC
01/01/2024,9.4,Local,1000.0,2000.0,1500.0
02/01/2024,7.0,Local,1000.0,2300.0,1700.0
03/01/2024,8.3,Local,1200.0,2660.0,2000.0
04/01/2024,8.2,Local,900.0,2000.0,1600.0
05/01/2024,7.0,Local,1000.0,2300.0,1700.0
07/01/2024,9.0,Local,1000.0,2300.0,1700.0
08/01/2024,15.1,Local,1000.0,2300.0,1700.0
09/01/2024,2.6,Local,1000.0,2330.0,1700.0
10/01/2024,2.6,Local,1000.0,2330.0,1700.0
11/01/2024,8.3,Local,1000.0,2100.0,1660.0
12/01/2024,8.0,Local,1000.0,2300.0,1700.0
15/01/2024,8.3,Local,900.0,2000.0,1600.0
18/01/2024,2.4,Local,1000.0,2000.0,1500.0
19/01/2024,8.1,Local,960.0,2000.0,1600.0
21/01/2024,9.6,Local,900.0,2000.0,1600.0
22/01/2024,8.3,Local,-,1600.0,1260.0
23/01/2024,6.3,Local,800.0,1800.0,1200.0
24/01/2024,6.8,Local,1000.0,2200.0,1600.0
25/01/2024,5.0,Local,1000.0,2200.0,1600.0
26/01/2024,9.9,Local,1000.0,2200.0,1600.0
27/01/2024,9.9,Local,1000.0,2200.0,1600.0
28/01/2024,8.1,Local,1000.0,2400.0,1800.0
29/01/2024,9.6,Local,1000.0,2200.0,1600.0
30/01/2024,4.5,Local,1000.0,2200.0,1600.0
31/01/2024,7.1,Local,1000.0,2200.0,1600.0
Market Name : Madanapalli APMC
01/01/2024,134.0,Local,2100.0,2800.0,2600.0
,,Other,1100.0,2000.0,1800.0
02/01/2024,106.0,Other,2000.0,2680.0,2500.0
,,Local,2800.0,3400.0,3200.0
03/01/2024,113.0,Local,1900.0,2600.0,2300.0
,,Other,1000.0,1860.0,1560.0
04/01/2024,125.0,Other,1000.0,1780.0,1500.0
,,Local,1800.0,2400.0,2200.0
05/01/2024,148.0,Local,1800.0,2400.0,2200.0
,,Other,1000.0,1780.0,1500.0
06/01/2024,118.0,Local,1800.0,2400.0,2200.0
,,Other,1000.0,1780.0,1500.0
08/01/2024,105.0,Local,1000.0,2400.0,1800.0
09/01/2024,101.0,Local,1000.0,2800.0,2450.0
10/01/2024,123.0,Local,1000.0,2540.0,2400.0
17/01/2024,96.0,Local,1240.0,2400.0,2400.0
19/01/2024,151.0,Local,1000.0,2600.0,1000.0
20/01/2024,124.0,Local,1100.0,2600.0,1200.0
21/01/2024,132.0,Local,1000.0,2600.0,1100.0
23/01/2024,128.0,Local,1000.0,2600.0,1200.0
24/01/2024,123.0,Local,1000.0,2600.0,1900.0
25/01/2024,142.0,Local,1000.0,2600.0,1000.0
26/01/2024,159.0,Local,1000.0,2600.0,1900.0
27/01/2024,166.0,Local,1000.0,2600.0,1900.0
28/01/2024,197.0,Local,1000.0,2600.0,1500.0
31/01/2024,189.0,Local,1000.0,2600.0,1900.0
Market Name : Palamaner APMC
01/01/2024,53.45,Hybrid,1200.0,2800.0,2200.0
Market Name : Pattikonda APMC
01/01/2024,0.1,Local,1300.0,1700.0,1500.0
02/01/2024,0.1,Local,1300.0,1700.0,1500.0
03/01/2024,0.1,Local,1300.0,1700.0,1400.0
04/01/2024,0.1,Local,1300.0,1700.0,1500.0
05/01/2024,0.1,Local,1400.0,1800.0,1500.0
06/01/2024,0.1,Local,1400.0,1800.0,1500.0
07/01/2024,0.1,Local,1400.0,1800.0,1500.0
08/01/2024,0.1,Local,1400.0,1700.0,1500.0
09/01/2024,0.1,Local,1400.0,1800.0,1600.0
10/01/2024,0.1,Local,1000.0,1700.0,1400.0
11/01/2024,0.1,Local,1400.0,1800.0,1700.0
12/01/2024,0.1,Local,1000.0,1600.0,1400.0
16/01/2024,0.1,Local,1000.0,1600.0,1400.0
17/01/2024,0.1,Local,1000.0,1600.0,1400.0
18/01/2024,0.1,Local,1100.0,1600.0,1300.0
19/01/2024,0.1,Local,1000.0,1600.0,1400.0
20/01/2024,0.1,Local,1000.0,1600.0,1400.0
21/01/2024,0.1,Local,1000.0,1600.0,1400.0
22/01/2024,0.1,Local,1000.0,1600.0,1400.0
23/01/2024,0.1,Local,1000.0,1600.0,1400.0
24/01/2024,0.1,Local,1000.0,1600.0,1300.0
25/01/2024,0.1,Local,1000.0,1600.0,1400.0
26/01/2024,0.1,Local,1200.0,1600.0,1400.0
27/01/2024,0.1,Local,1000.0,1600.0,1400.0
28/01/2024,0.1,Local,1000.0,1600.0,1400.0
29/01/2024,0.1,Local,1000.0,1600.0,1400.0
30/01/2024,0.1,Local,1200.0,2000.0,1600.0
31/01/2024,0.1,Local,1400.0,2000.0,1600.0
Market Name : Vayalapadu APMC
03/01/2024,31.65,Local,840.0,3200.0,2040.0
04/01/2024,31.2,Local,800.0,2400.0,1600.0
05/01/2024,32.05,Local,720.0,2200.0,1440.0
06/01/2024,32.48,Local,760.0,2200.0,1480.0
07/01/2024,18.25,Local,760.0,2400.0,1560.0
08/01/2024,31.93,Local,800.0,2400.0,1600.0
09/01/2024,29.4,Local,760.0,2400.0,1520.0
10/01/2024,29.88,Local,800.0,2600.0,1720.0
11/01/2024,29.6,Local,800.0,2400.0,1600.0
12/01/2024,29.73,Local,880.0,2400.0,1680.0
Market Name : Kalikiri APMC
04/02/2024,6.0,Local,1500.0,3200.0,2600.0
05/02/2024,6.5,Local,1200.0,2800.0,2000.0
06/02/2024,5.9,Local,1200.0,3000.0,2600.0
08/02/2024,6.3,Local,1200.0,3000.0,2200.0
09/02/2024,6.1,Local,1200.0,2600.0,2000.0
11/02/2024,7.5,Local,1000.0,2000.0,1600.0
12/02/2024,7.8,Local,1000.0,2200.0,1660.0
13/02/2024,6.7,Local,900.0,1800.0,1500.0
14/02/2024,7.8,Local,900.0,1600.0,1330.0
16/02/2024,6.2,Local,800.0,1400.0,1100.0
18/02/2024,7.1,Local,800.0,1330.0,1000.0
19/02/2024,7.2,Local,800.0,1400.0,1000.0
21/02/2024,5.3,Local,900.0,1800.0,1460.0
22/02/2024,6.6,Local,900.0,1800.0,1460.0
23/02/2024,7.6,Local,900.0,1800.0,1460.0
26/02/2024,6.3,Local,800.0,1500.0,1200.0
27/02/2024,9.0,Local,700.0,1360.0,1000.0
28/02/2024,8.9,Local,700.0,1300.0,1060.0
29/02/2024,7.2,Local,700.0,1300.0,1000.0
Market Name : Madanapalli APMC
01/02/2024,172.0,Local,1000.0,2600.0,2150.0
02/02/2024,119.0,Local,1100.0,3000.0,2300.0
03/02/2024,107.0,Local,1500.0,3200.0,2200.0
04/02/2024,125.0,Local,1500.0,3200.0,1900.0
06/02/2024,106.0,Local,1500.0,3200.0,1570.0
08/02/2024,88.0,Local,1000.0,2400.0,1000.0
12/02/2024,95.0,Local,1000.0,2400.0,1500.0
13/02/2024,109.0,Local,900.0,2200.0,1600.0
14/02/2024,121.0,Local,700.0,1600.0,1200.0
15/02/2024,110.0,Local,700.0,1600.0,1200.0
16/02/2024,102.0,Local,820.0,1750.0,1500.0
17/02/2024,128.0,Local,700.0,1600.0,1200.0
18/02/2024,121.0,Local,700.0,1600.0,1100.0
20/02/2024,119.0,Local,800.0,2000.0,950.0
23/02/2024,132.0,Local,700.0,1800.0,1600.0
24/02/2024,126.0,Local,700.0,1600.0,700.0
26/02/2024,137.0,Local,800.0,1800.0,800.0
27/02/2024,120.0,Local,1020.0,1650.0,1600.0
Market Name : Palamaner APMC
01/02/2024,55.98,Hybrid,1000.0,2200.0,1600.0
02/02/2024,58.84,Hybrid,1200.0,2300.0,1700.0
03/02/2024,81.0,Hybrid,1200.0,2400.0,1800.0
04/02/2024,67.44,Hybrid,1500.0,2700.0,2200.0
06/02/2024,70.59,Hybrid,1500.0,2800.0,2200.0
07/02/2024,74.59,Hybrid,1200.0,2400.0,1800.0
08/02/2024,76.84,Hybrid,1200.0,2400.0,1800.0
17/02/2024,67.27,Hybrid,900.0,1500.0,1200.0
18/02/2024,61.33,Hybrid,900.0,1500.0,1200.0
19/02/2024,59.2,Hybrid,900.0,1700.0,1300.0
21/02/2024,66.03,Hybrid,800.0,1800.0,1400.0
22/02/2024,58.83,Hybrid,800.0,1800.0,1300.0
23/02/2024,55.09,Hybrid,600.0,1400.0,1000.0
24/02/2024,55.05,Hybrid,600.0,1400.0,1000.0
26/02/2024,56.79,Hybrid,600.0,1500.0,1000.0
27/02/2024,58.44,Hybrid,600.0,1400.0,1000.0
28/02/2024,65.35,Hybrid,700.0,1100.0,900.0
Market Name : Pattikonda APMC
01/02/2024,0.1,Local,1000.0,2000.0,1500.0
02/02/2024,0.1,Local,1400.0,2000.0,1600.0
03/02/2024,0.1,Local,1500.0,2200.0,1800.0
04/02/2024,0.1,Local,1400.0,2000.0,1800.0
05/02/2024,0.1,Local,1600.0,2200.0,1800.0
06/02/2024,0.1,Local,1600.0,2100.0,1800.0
07/02/2024,0.1,Local,1400.0,2100.0,1500.0
08/02/2024,0.1,Local,1500.0,2000.0,1800.0
09/02/2024,0.1,Local,1400.0,2100.0,1700.0
10/02/2024,0.1,Local,1400.0,2100.0,1600.0
11/02/2024,0.1,Local,1400.0,2000.0,1600.0
12/02/2024,0.1,Local,1400.0,2000.0,1600.0
13/02/2024,0.1,Local,900.0,1500.0,1200.0
14/02/2024,0.1,Local,900.0,1500.0,1000.0
15/02/2024,0.1,Local,700.0,1200.0,1000.0
16/02/2024,0.1,Local,700.0,1100.0,900.0
17/02/2024,0.1,Local,900.0,1400.0,1200.0
18/02/2024,0.1,Local,900.0,1600.0,1400.0
19/02/2024,0.1,Local,900.0,1500.0,1100.0
20/02/2024,0.1,Local,900.0,1500.0,1100.0
21/02/2024,0.1,Local,800.0,1300.0,1000.0
22/02/2024,0.1,Local,800.0,1400.0,1200.0
23/02/2024,0.1,Local,800.0,1300.0,1100.0
24/02/2024,0.1,Local,800.0,1200.0,1000.0
25/02/2024,0.1,Local,700.0,1200.0,900.0
26/02/2024,0.1,Local,700.0,1300.0,1100.0
27/02/2024,0.1,Local,700.0,1200.0,1000.0
28/02/2024,0.1,Local,600.0,1000.0,800.0
29/02/2024,0.1,Local,1000.0,1500.0,1200.0
Market Name : Punganur APMC
07/02/2024,18.0,Hybrid,1000.0,2200.0,1600.0
09/02/2024,11.7,Hybrid,1000.0,2200.0,1600.0
10/02/2024,13.2,Hybrid,1070.0,2140.0,1600.0
11/02/2024,11.4,Hybrid,1070.0,2140.0,1600.0
12/02/2024,14.3,Hybrid,1000.0,1670.0,1340.0
13/02/2024,13.0,Hybrid,1000.0,1670.0,1340.0
14/02/2024,15.9,Hybrid,1070.0,1600.0,1340.0
15/02/2024,13.4,Hybrid,1000.0,1140.0,1070.0
16/02/2024,16.7,Hybrid,940.0,1070.0,1000.0
17/02/2024,15.7,Hybrid,940.0,1070.0,1000.0
18/02/2024,14.5,Hybrid,1000.0,1270.0,1140.0
19/02/2024,15.4,Hybrid,1070.0,1340.0,1200.0
21/02/2024,14.5,Hybrid,1000.0,1540.0,1270.0
22/02/2024,11.2,Hybrid,1070.0,1470.0,1270.0
23/02/2024,14.7,Hybrid,1000.0,1340.0,1170.0
24/02/2024,7.6,Hybrid,1070.0,1340.0,1200.0
25/02/2024,14.9,Hybrid,1000.0,1270.0,1140.0
26/02/2024,11.8,Hybrid,940.0,1140.0,1040.0
27/02/2024,8.4,Hybrid,1000.0,1140.0,1070.0
28/02/2024,20.0,Hybrid,1000.0,1270.0,1140.0
Market Name : Vayalapadu APMC
23/02/2024,13.43,Local,640.0,1800.0,1200.0
24/02/2024,17.38,Local,640.0,1520.0,1080.0
25/02/2024,6.83,Local,760.0,1400.0,1080.0
26/02/2024,15.15,Local,720.0,1480.0,1000.0
27/02/2024,14.5,Local,760.0,1520.0,1120.0
28/02/2024,14.75,Local,720.0,1520.0,1120.0
Market Name : Kalikiri APMC
05/03/2024,5.7,Local,800.0,1700.0,1200.0
06/03/2024,6.9,Local,800.0,1800.0,1360.0
07/03/2024,7.5,Local,800.0,1530.0,1260.0
08/03/2024,6.6,Local,700.0,1500.0,1160.0
11/03/2024,6.6,Local,900.0,1860.0,1400.0
12/03/2024,8.3,Local,800.0,1500.0,1160.0
13/03/2024,7.1,Local,1000.0,2000.0,1600.0
14/03/2024,5.0,Local,900.0,1800.0,1400.0
15/03/2024,7.7,Local,1000.0,2200.0,1660.0
17/03/2024,7.4,Local,800.0,2000.0,1600.0
18/03/2024,9.9,Local,1000.0,1800.0,1460.0
21/03/2024,14.1,Local,900.0,1800.0,1400.0
22/03/2024,15.1,Local,1000.0,1700.0,1400.0
25/03/2024,18.1,Local,800.0,1500.0,1260.0
26/03/2024,13.1,Local,900.0,1700.0,1360.0
27/03/2024,11.2,Local,900.0,1800.0,1400.0
28/03/2024,16.9,Local,1000.0,1800.0,1400.0
Market Name : Madanapalli APMC
01/03/2024,106.0,Local,660.0,1400.0,680.0
02/03/2024,81.0,Local,800.0,1800.0,800.0
03/03/2024,90.0,Local,800.0,1800.0,850.0
04/03/2024,83.0,Local,800.0,2000.0,800.0
19/03/2024,30.0,Local,1000.0,2400.0,1780.0
20/03/2024,30.0,Local,800.0,2000.0,2000.0
21/03/2024,27.0,Local,800.0,1800.0,1400.0
22/03/2024,32.0,Local,1400.0,1700.0,1460.0
25/03/2024,41.0,Local,1200.0,2000.0,1500.0
27/03/2024,51.0,Local,1780.0,2200.0,2100.0
29/03/2024,84.0,Local,1600.0,2200.0,1780.0
30/03/2024,95.0,Local,1300.0,2280.0,2280.0
31/03/2024,80.0,Local,1000.0,2400.0,2400.0
Market Name : Palamaner APMC
01/03/2024,55.92,Hybrid,700.0,1100.0,900.0
02/03/2024,59.37,Hybrid,700.0,1100.0,900.0
05/03/2024,50.17,Hybrid,800.0,1800.0,1400.0
06/03/2024,69.51,Hybrid,800.0,1700.0,1300.0
07/03/2024,68.92,Hybrid,800.0,1700.0,1300.0
10/03/2024,56.32,Hybrid,1000.0,2400.0,1700.0
11/03/2024,58.73,Hybrid,800.0,1700.0,1300.0
12/03/2024,55.56,Hybrid,800.0,1700.0,1300.0
13/03/2024,56.92,Hybrid,1070.0,1700.0,1300.0
14/03/2024,55.83,Hybrid,1000.0,1900.0,1500.0
15/03/2024,56.25,Hybrid,1000.0,1900.0,1500.0
16/03/2024,21.15,Hybrid,1300.0,1900.0,1700.0
17/03/2024,29.64,Hybrid,1400.0,1900.0,1700.0
18/03/2024,22.36,Hybrid,1600.0,2000.0,1800.0
20/03/2024,30.63,Hybrid,1200.0,1900.0,1600.0
21/03/2024,28.32,Hybrid,1100.0,1500.0,1300.0
22/03/2024,26.5,Hybrid,1100.0,1500.0,1300.0
23/03/2024,21.25,Hybrid,1400.0,1800.0,1600.0
27/03/2024,27.6,Hybrid,1400.0,1800.0,1600.0
28/03/2024,31.14,Hybrid,1200.0,1700.0,1500.0
29/03/2024,27.15,Hybrid,1400.0,1800.0,1600.0
30/03/2024,25.9,Hybrid,1500.0,1900.0,1700.0
Market Name : Pattikonda APMC
01/03/2024,0.1,Local,800.0,1500.0,1200.0
02/03/2024,0.1,Local,1400.0,2000.0,1600.0
03/03/2024,0.1,Local,1200.0,2000.0,1500.0
04/03/2024,0.1,Local,1000.0,2000.0,1500.0
05/03/2024,0.1,Local,1500.0,2000.0,1700.0
06/03/2024,0.1,Local,1500.0,2000.0,1700.0
07/03/2024,0.1,Local,1000.0,1800.0,1500.0
08/03/2024,0.1,Local,1200.0,1800.0,1400.0
09/03/2024,0.1,Local,1000.0,1600.0,1400.0
10/03/2024,0.1,Local,1200.0,2000.0,1600.0
11/03/2024,0.1,Local,1200.0,1800.0,1400.0
12/03/2024,0.1,Local,1500.0,2000.0,1700.0
13/03/2024,0.1,Local,1000.0,1500.0,1200.0
14/03/2024,0.1,Local,1000.0,1500.0,1200.0
15/03/2024,0.1,Local,1000.0,1500.0,1200.0
16/03/2024,0.1,Local,1000.0,1500.0,1200.0
17/03/2024,0.1,Local,1000.0,1500.0,1200.0
18/03/2024,0.1,Local,1000.0,1500.0,1200.0
19/03/2024,0.1,Local,1000.0,1500.0,1200.0
20/03/2024,0.1,Local,1500.0,2500.0,2000.0
21/03/2024,0.1,Local,1500.0,2500.0,2000.0
22/03/2024,0.1,Local,1500.0,2500.0,2000.0
23/03/2024,0.1,Local,1000.0,1500.0,1200.0
Market Name : Punganur APMC
02/03/2024,14.6,Hybrid,1000.0,1340.0,1170.0
04/03/2024,16.5,Hybrid,1000.0,1800.0,1400.0
05/03/2024,13.2,Hybrid,1000.0,1670.0,1340.0
06/03/2024,17.8,Hybrid,940.0,1400.0,1140.0
07/03/2024,22.6,Hybrid,1000.0,1400.0,1200.0
08/03/2024,11.4,Hybrid,1000.0,1140.0,1070.0
09/03/2024,7.5,Hybrid,1000.0,1200.0,1100.0
10/03/2024,14.0,Hybrid,1200.0,2000.0,1600.0
11/03/2024,15.7,Hybrid,1200.0,2000.0,1600.0
12/03/2024,14.1,Hybrid,1000.0,1670.0,1340.0
14/03/2024,21.7,Hybrid,1140.0,1670.0,1400.0
15/03/2024,18.5,Hybrid,1000.0,2000.0,1500.0
16/03/2024,23.1,Hybrid,1070.0,1870.0,1470.0
17/03/2024,24.1,Hybrid,1000.0,1870.0,1440.0
18/03/2024,22.7,Hybrid,1000.0,1800.0,1400.0
19/03/2024,20.4,Hybrid,1000.0,1740.0,1370.0
20/03/2024,18.5,Hybrid,1000.0,1670.0,1340.0
21/03/2024,21.7,Hybrid,1000.0,1340.0,1170.0
23/03/2024,19.3,Hybrid,1000.0,1540.0,1270.0
24/03/2024,20.5,Hybrid,1000.0,1670.0,1170.0
25/03/2024,29.1,Hybrid,1000.0,1600.0,1300.0
26/03/2024,35.0,Hybrid,1000.0,1670.0,1340.0
27/03/2024,29.4,Hybrid,1070.0,1870.0,1470.0
28/03/2024,30.1,Hybrid,1070.0,1600.0,1340.0
29/03/2024,39.3,Hybrid,1000.0,1800.0,1400.0
30/03/2024,29.7,Hybrid,1000.0,1800.0,1400.0
31/03/2024,40.4,Hybrid,1070.0,1740.0,1400.0
Market Name : Vayalapadu APMC
01/03/2024,14.65,Local,680.0,1200.0,960.0
02/03/2024,14.2,Local,640.0,1200.0,920.0
03/03/2024,7.58,Local,760.0,1600.0,1160.0
Market Name : Kalikiri APMC
03/04/2024,15.9,Local,1200.0,2800.0,2100.0
04/04/2024,19.4,Local,1100.0,2800.0,2300.0
05/04/2024,17.7,Local,1000.0,2500.0,2000.0
07/04/2024,17.7,Local,1200.0,2400.0,1860.0
08/04/2024,26.1,Local,1200.0,2400.0,1860.0
09/04/2024,19.2,Local,1300.0,3000.0,2200.0
10/04/2024,20.4,Local,1000.0,2200.0,1800.0
11/04/2024,26.3,Local,1000.0,1800.0,1500.0
12/04/2024,26.5,Local,800.0,1600.0,1200.0
14/04/2024,45.6,Local,1000.0,1800.0,1400.0
15/04/2024,45.6,Local,860.0,1400.0,1100.0
16/04/2024,42.1,Local,900.0,1500.0,1200.0
17/04/2024,41.4,Local,860.0,1530.0,1200.0
18/04/2024,39.6,Local,760.0,1330.0,1000.0
20/04/2024,10.0,Local,900.0,1300.0,1130.0
21/04/2024,42.4,Local,1200.0,2400.0,1860.0
22/04/2024,42.7,Local,1000.0,2200.0,1730.0
23/04/2024,61.8,Local,1000.0,1800.0,1430.0
24/04/2024,57.9,Local,1000.0,1800.0,1460.0
25/04/2024,66.0,Local,900.0,1660.0,1200.0
26/04/2024,65.6,Local,960.0,1800.0,1500.0
27/04/2024,10.2,Local,1000.0,1800.0,1430.0
28/04/2024,53.8,Local,1000.0,1800.0,1430.0
29/04/2024,85.0,Local,1000.0,1800.0,1400.0
30/04/2024,80.2,Local,1000.0,1800.0,1400.0
Market Name : Madanapalli APMC
11/04/2024,143.0,Local,1900.0,2600.0,2300.0
12/04/2024,185.0,Local,1000.0,2600.0,1500.0
13/04/2024,175.0,Local,800.0,1600.0,900.0
14/04/2024,208.0,Local,800.0,2300.0,1700.0
16/04/2024,121.0,Local,1100.0,1750.0,1500.0
18/04/2024,190.0,Local,1000.0,1800.0,1300.0
24/04/2024,206.0,Local,1000.0,1900.0,1320.0
30/04/2024,310.0,Local,1000.0,1900.0,1050.0
Market Name : Palamaner APMC
06/04/2024,32.83,Hybrid,2000.0,2400.0,2200.0
Market Name : Pattikonda APMC
02/04/2024,0.1,Local,2000.0,3000.0,2500.0
03/04/2024,0.1,Local,2000.0,3000.0,2500.0
12/04/2024,0.1,Local,1000.0,2000.0,1500.0
13/04/2024,0.1,Local,2000.0,3000.0,2500.0
14/04/2024,0.1,Local,2000.0,3000.0,2500.0
15/04/2024,0.1,Local,2000.0,3000.0,2500.0
16/04/2024,0.1,Local,2000.0,3000.0,2500.0
17/04/2024,0.1,Local,2000.0,3000.0,2500.0
18/04/2024,0.1,Local,2000.0,3000.0,2500.0
19/04/2024,0.1,Local,2000.0,3000.0,2500.0
20/04/2024,0.1,Local,2000.0,3000.0,2500.0
21/04/2024,0.1,Local,2000.0,3000.0,2500.0
22/04/2024,0.1,Local,2000.0,3000.0,2500.0
23/04/2024,0.1,Local,2000.0,3000.0,2500.0
26/04/2024,0.1,Local,2000.0,3000.0,2500.0
27/04/2024,0.1,Local,2000.0,3000.0,2500.0
28/04/2024,0.1,Local,2000.0,3000.0,2500.0
29/04/2024,0.1,Local,2000.0,3000.0,2500.0
30/04/2024,0.1,Local,2000.0,2500.0,2300.0
Market Name : Punganur APMC
01/04/2024,38.1,Hybrid,1140.0,2340.0,1740.0
04/04/2024,37.0,Hybrid,1270.0,2470.0,1870.0
05/04/2024,46.3,Hybrid,1140.0,2200.0,1670.0
06/04/2024,32.9,Hybrid,1200.0,2340.0,1770.0
07/04/2024,33.0,Hybrid,1140.0,2200.0,1670.0
08/04/2024,42.0,Hybrid,1070.0,1870.0,1470.0
10/04/2024,44.3,Hybrid,1340.0,2540.0,1940.0
11/04/2024,76.2,Hybrid,1070.0,2000.0,1540.0
12/04/2024,100.6,Hybrid,1070.0,1340.0,1200.0
13/04/2024,137.2,Hybrid,1140.0,1270.0,1200.0
14/04/2024,133.4,Hybrid,1000.0,1140.0,1070.0
15/04/2024,166.3,Hybrid,1070.0,1200.0,1140.0
16/04/2024,238.9,Hybrid,1400.0,1600.0,1500.0
17/04/2024,289.2,Hybrid,1340.0,1540.0,1440.0
18/04/2024,203.5,Hybrid,1370.0,1570.0,1470.0
19/04/2024,284.1,Hybrid,1340.0,1540.0,1440.0
20/04/2024,314.6,Hybrid,1340.0,1870.0,1600.0
21/04/2024,290.4,Hybrid,1340.0,2000.0,1670.0
22/04/2024,327.4,Hybrid,1400.0,1800.0,1600.0
23/04/2024,396.2,Hybrid,1300.0,1500.0,1400.0
24/04/2024,446.8,Hybrid,1400.0,1800.0,1600.0
25/04/2024,496.3,Hybrid,1200.0,1740.0,1470.0
26/04/2024,514.5,Hybrid,1200.0,1470.0,1340.0
27/04/2024,568.0,Hybrid,1140.0,1400.0,1270.0
28/04/2024,543.6,Hybrid,1100.0,1370.0,1240.0
29/04/2024,514.9,Hybrid,1070.0,1370.0,1200.0
30/04/2024,401.5,Hybrid,1270.0,1540.0,1400.0
Market Name : Kalikiri APMC
01/05/2024,68.7,Local,830.0,1660.0,1250.0
02/05/2024,66.8,Local,800.0,1400.0,1100.0
03/05/2024,96.4,Local,730.0,1400.0,1100.0
04/05/2024,21.1,Local,800.0,1500.0,1200.0
05/05/2024,82.0,Local,1000.0,1800.0,1400.0
06/05/2024,64.0,Local,800.0,1500.0,1200.0
07/05/2024,92.0,Local,1000.0,1630.0,1360.0
08/05/2024,76.5,Local,1000.0,1800.0,1400.0
09/05/2024,82.4,Local,1000.0,1800.0,1400.0
10/05/2024,112.9,Local,1000.0,1860.0,1430.0
13/05/2024,10.9,Local,1000.0,1660.0,1400.0
14/05/2024,54.9,Local,850.0,1460.0,1200.0
15/05/2024,106.8,Local,1200.0,2100.0,1700.0
16/05/2024,91.2,Local,900.0,1500.0,1200.0
17/05/2024,132.5,Local,900.0,1500.0,1200.0
18/05/2024,19.8,Local,1000.0,1600.0,1300.0
21/05/2024,111.4,Local,1600.0,2800.0,2300.0
22/05/2024,81.0,Local,2000.0,3000.0,2600.0
23/05/2024,95.0,Local,1800.0,3000.0,2460.0
24/05/2024,97.3,Local,1700.0,3000.0,2600.0
25/05/2024,21.8,Local,2200.0,4000.0,3100.0
26/05/2024,81.6,Local,2000.0,4600.0,3200.0
27/05/2024,80.5,Local,2000.0,4000.0,3000.0
28/05/2024,91.8,Local,1700.0,3600.0,2800.0
29/05/2024,89.4,Local,2200.0,3660.0,3000.0
30/05/2024,72.0,Local,1660.0,3000.0,2400.0
31/05/2024,97.4,Local,1660.0,3000.0,2330.0
Market Name : Madanapalli APMC
01/05/2024,321.0,Local,900.0,1800.0,1500.0
02/05/2024,325.0,Local,900.0,2100.0,2100.0
03/05/2024,326.0,Local,900.0,2100.0,2100.0
04/05/2024,350.0,Local,900.0,2100.0,2100.0
05/05/2024,350.0,Local,900.0,2100.0,2100.0
07/05/2024,356.0,Local,900.0,1900.0,1500.0
08/05/2024,362.0,Local,900.0,1900.0,1000.0
09/05/2024,253.0,Local,1100.0,2800.0,2100.0
10/05/2024,383.0,Local,1000.0,1900.0,1500.0
11/05/2024,460.0,Local,800.0,1600.0,1100.0
12/05/2024,101.0,Local,700.0,1800.0,1600.0
14/05/2024,405.0,Local,1000.0,1970.0,1500.0
15/05/2024,394.0,Local,1100.0,2650.0,1100.0
16/05/2024,544.0,Local,900.0,1800.0,900.0
17/05/2024,683.0,Local,1100.0,2100.0,1100.0
18/05/2024,410.0,Local,1300.0,2800.0,2200.0
19/05/2024,468.0,Local,1600.0,3200.0,1630.0
20/05/2024,516.0,Local,1600.0,3200.0,2500.0
21/05/2024,557.0,Local,1600.0,3200.0,2500.0
22/05/2024,620.0,Local,1800.0,3400.0,2800.0
23/05/2024,606.0,Local,2200.0,3800.0,3000.0
24/05/2024,597.0,Local,2300.0,4400.0,3200.0
25/05/2024,610.0,Local,2600.0,4800.0,3600.0
26/05/2024,628.0,Local,2300.0,4280.0,3400.0
27/05/2024,560.0,Local,2600.0,4800.0,3600.0
28/05/2024,748.0,Local,2300.0,4000.0,3200.0
29/05/2024,780.0,Local,2000.0,3400.0,2800.0
30/05/2024,750.0,Local,2100.0,3600.0,2900.0
31/05/2024,769.0,Local,2100.0,3600.0,2900.0
Market Name : Mulakalacheruvu APMC
03/05/2024,85.0,Local,1400.0,1800.0,1600.0
04/05/2024,97.0,Local,1200.0,1600.0,1400.0
05/05/2024,104.0,Local,1200.0,1600.0,1400.0
06/05/2024,94.0,Local,1200.0,1600.0,1400.0
08/05/2024,110.0,Local,1400.0,1700.0,1500.0
09/05/2024,77.0,Local,1400.0,1700.0,1500.0
27/05/2024,59.0,Local,2200.0,3000.0,2700.0
28/05/2024,70.0,Local,2300.0,3100.0,2800.0
29/05/2024,64.0,Local,2100.0,3000.0,2500.0
Market Name : Palamaner APMC
01/05/2024,93.46,Hybrid,1400.0,1800.0,1600.0
02/05/2024,96.63,Hybrid,1200.0,1600.0,1400.0
03/05/2024,122.97,Hybrid,1200.0,1700.0,1500.0
04/05/2024,152.59,Hybrid,1100.0,1500.0,1300.0
05/05/2024,133.8,Hybrid,1200.0,1600.0,1400.0
07/05/2024,162.69,Hybrid,1200.0,1600.0,1400.0
08/05/2024,154.29,Hybrid,1200.0,1600.0,1400.0
09/05/2024,152.97,Hybrid,1500.0,1900.0,1700.0
10/05/2024,164.4,Hybrid,1300.0,1700.0,1500.0
13/05/2024,144.45,Hybrid,1200.0,1700.0,1500.0
14/05/2024,191.28,Hybrid,1400.0,1800.0,1600.0
15/05/2024,169.11,Hybrid,1400.0,1850.0,1650.0
16/05/2024,182.28,Hybrid,1300.0,1700.0,1500.0
17/05/2024,151.48,Hybrid,1200.0,1600.0,1400.0
18/05/2024,161.65,Hybrid,2100.0,2500.0,2300.0
19/05/2024,159.37,Hybrid,2600.0,3000.0,2800.0
20/05/2024,142.23,Hybrid,2400.0,2800.0,2600.0
21/05/2024,154.3,Hybrid,2600.0,3000.0,2800.0
22/05/2024,162.4,Hybrid,2600.0,3100.0,2800.0
23/05/2024,171.82,Hybrid,3300.0,3800.0,3500.0
26/05/2024,240.91,Hybrid,3500.0,4000.0,3700.0
27/05/2024,246.0,Hybrid,3000.0,3600.0,3300.0
28/05/2024,280.93,Hybrid,2700.0,3050.0,2900.0
29/05/2024,301.35,Hybrid,2200.0,2600.0,2400.0
30/05/2024,278.38,Hybrid,2200.0,2600.0,2400.0
Market Name : Pattikonda APMC
01/05/2024,0.1,Local,2000.0,3000.0,2500.0
02/05/2024,0.1,Local,5400.0,5600.0,5500.0
03/05/2024,0.1,Local,2000.0,3000.0,2500.0
04/05/2024,0.1,Local,2000.0,2500.0,2400.0
05/05/2024,0.1,Local,2000.0,3000.0,2500.0
06/05/2024,0.1,Local,2000.0,3000.0,2500.0
07/05/2024,0.1,Local,2000.0,3000.0,2500.0
09/05/2024,0.1,Local,2000.0,3000.0,2500.0
10/05/2024,0.1,Local,2000.0,3000.0,2500.0
13/05/2024,0.1,Local,2000.0,3000.0,2500.0
14/05/2024,0.1,Local,2000.0,3000.0,2500.0
15/05/2024,0.1,Local,2000.0,3000.0,2500.0
16/05/2024,0.1,Local,2000.0,3000.0,2500.0
17/05/2024,0.1,Local,2000.0,3000.0,2500.0
18/05/2024,0.1,Local,2500.0,3000.0,2800.0
19/05/2024,0.1,Local,2500.0,3000.0,2800.0
20/05/2024,0.1,Local,2500.0,3000.0,2800.0
21/05/2024,0.1,Local,2500.0,3000.0,2800.0
22/05/2024,0.1,Local,2500.0,3000.0,2800.0
23/05/2024,0.1,Local,2500.0,3000.0,2800.0
24/05/2024,0.1,Local,2800.0,3500.0,3400.0
25/05/2024,0.1,Local,3000.0,3500.0,3300.0
26/05/2024,0.1,Local,3200.0,3500.0,3400.0
27/05/2024,0.1,Local,3000.0,3540.0,3400.0
28/05/2024,0.1,Local,3500.0,4000.0,3800.0
29/05/2024,0.1,Local,3000.0,3500.0,3200.0
30/05/2024,0.1,Local,3000.0,3500.0,3400.0
31/05/2024,0.1,Local,3000.0,3500.0,3200.0
Market Name : Punganur APMC
01/05/2024,507.8,Hybrid,1070.0,1340.0,1200.0
02/05/2024,540.3,Hybrid,1070.0,1470.0,1270.0
03/05/2024,566.0,Hybrid,1140.0,1400.0,1270.0
04/05/2024,511.5,Hybrid,1070.0,1340.0,1200.0
05/05/2024,591.7,Hybrid,1070.0,1340.0,1200.0
06/05/2024,629.7,Hybrid,1140.0,1400.0,1270.0
07/05/2024,729.0,Hybrid,1070.0,1470.0,1270.0
08/05/2024,494.2,Hybrid,1070.0,1700.0,1400.0
09/05/2024,544.3,Hybrid,1200.0,1870.0,1540.0
10/05/2024,1011.0,Hybrid,1000.0,1270.0,1140.0
11/05/2024,967.5,Hybrid,1070.0,1270.0,1170.0
14/05/2024,699.7,Hybrid,1000.0,1540.0,1270.0
16/05/2024,893.6,Hybrid,1000.0,1540.0,1270.0
17/05/2024,817.3,Hybrid,1070.0,1600.0,1340.0
18/05/2024,890.9,Hybrid,1140.0,2340.0,1740.0
19/05/2024,703.5,Hybrid,1140.0,2470.0,1800.0
20/05/2024,787.0,Hybrid,1070.0,2400.0,1740.0
21/05/2024,680.8,Hybrid,1070.0,2800.0,1940.0
22/05/2024,584.6,Hybrid,2000.0,3000.0,2670.0
24/05/2024,469.9,Hybrid,2340.0,3270.0,3000.0
25/05/2024,450.0,Hybrid,2670.0,3800.0,3340.0
26/05/2024,455.2,Hybrid,2540.0,3670.0,3270.0
27/05/2024,455.8,Hybrid,2440.0,3340.0,3000.0
28/05/2024,422.5,Hybrid,2200.0,2800.0,2600.0
29/05/2024,424.6,Hybrid,1870.0,2470.0,2170.0
30/05/2024,381.9,Hybrid,2000.0,2700.0,2400.0
31/05/2024,466.2,Hybrid,2270.0,2800.0,2640.0
Market Name : Vayalapadu APMC
29/05/2024,54.17,Local,1600.0,3600.0,2600.0
30/05/2024,59.4,Local,160.0,3200.0,2400.0
31/05/2024,61.15,Local,1640.0,3200.0,2440.0
Market Name : Kalikiri APMC
01/06/2024,12.0,Local,1400.0,2660.0,2000.0
02/06/2024,75.3,Local,2000.0,3300.0,2700.0
03/06/2024,45.5,Local,2000.0,3660.0,2800.0
04/06/2024,35.1,Local,2000.0,4400.0,3360.0
05/06/2024,50.7,Local,2400.0,5500.0,4200.0
06/06/2024,52.9,Local,2200.0,3700.0,3000.0
07/06/2024,72.4,Local,2700.0,4600.0,3500.0
08/06/2024,12.0,Local,1800.0,3000.0,2400.0
09/06/2024,63.4,Local,2400.0,5000.0,3800.0
10/06/2024,41.6,Local,2500.0,5300.0,4000.0
11/06/2024,35.8,Local,2500.0,5300.0,4000.0
12/06/2024,33.5,Local,2500.0,5300.0,4000.0
13/06/2024,42.1,Local,2400.0,5000.0,4200.0
14/06/2024,38.2,Local,2400.0,5000.0,3800.0
15/06/2024,15.3,Local,2400.0,5000.0,3800.0
16/06/2024,44.9,Local,2600.0,5600.0,4000.0
17/06/2024,25.8,Local,3000.0,6300.0,4800.0
18/06/2024,27.3,Local,3000.0,6000.0,4800.0
19/06/2024,28.9,Local,3300.0,6500.0,5000.0
20/06/2024,29.1,Local,5800.0,7200.0,6500.0
21/06/2024,28.0,Local,5000.0,7300.0,6200.0
22/06/2024,4.6,Local,4700.0,6300.0,5500.0
23/06/2024,31.1,Local,4800.0,6300.0,5500.0
24/06/2024,41.2,Local,4000.0,6000.0,5200.0
25/06/2024,42.5,Local,3200.0,4500.0,3800.0
26/06/2024,49.8,Local,2400.0,3800.0,3200.0
27/06/2024,40.8,Local,2800.0,3660.0,3200.0
28/06/2024,52.5,Local,2700.0,3730.0,3260.0
29/06/2024,7.2,Local,2200.0,3300.0,2700.0
30/06/2024,51.9,Local,2000.0,3200.0,2660.0
Market Name : Madanapalli APMC
01/06/2024,686.0,Local,2200.0,3800.0,2200.0
02/06/2024,602.0,Local,2400.0,4400.0,2550.0
03/06/2024,623.0,Local,3000.0,5000.0,4000.0
04/06/2024,349.0,Local,3800.0,6600.0,5000.0
05/06/2024,486.0,Local,2700.0,4800.0,3600.0
06/06/2024,702.0,Local,2600.0,4800.0,3600.0
07/06/2024,862.0,Local,2600.0,4000.0,3300.0
08/06/2024,708.0,Local,2800.0,5000.0,3900.0
09/06/2024,597.0,Local,3600.0,6000.0,5000.0
10/06/2024,564.0,Local,3600.0,6200.0,5000.0
11/06/2024,690.0,Local,3600.0,6200.0,5000.0
12/06/2024,727.0,Local,3600.0,6200.0,5000.0
13/06/2024,686.0,Local,3000.0,5600.0,4400.0
14/06/2024,657.0,Local,3000.0,6400.0,5600.0
15/06/2024,649.0,Local,4200.0,6600.0,5800.0
16/06/2024,751.0,Local,4100.0,6400.0,5500.0
17/06/2024,396.0,Local,5000.0,8000.0,6900.0
18/06/2024,457.0,Local,5000.0,8000.0,6900.0
19/06/2024,552.0,Local,6500.0,8800.0,7600.0
20/06/2024,690.0,Local,5000.0,8300.0,6900.0
21/06/2024,788.0,Local,6500.0,8800.0,7600.0
22/06/2024,603.0,Local,5400.0,8000.0,6900.0
23/06/2024,644.0,Local,5200.0,7800.0,6800.0
24/06/2024,903.0,Local,4900.0,6400.0,6000.0
25/06/2024,971.0,Local,4000.0,6000.0,5000.0
26/06/2024,953.0,Local,3300.0,5400.0,4600.0
27/06/2024,927.0,Local,3300.0,5600.0,4800.0
28/06/2024,1030.0,Local,3300.0,5400.0,4600.0
29/06/2024,1097.0,Local,3300.0,5600.0,4800.0
30/06/2024,1217.0,Local,3000.0,4800.0,3900.0
Market Name : Mulakalacheruvu APMC
04/06/2024,32.0,Local,3000.0,4000.0,3500.0
05/06/2024,32.0,Local,3000.0,4000.0,3500.0
06/06/2024,32.0,Local,2800.0,3800.0,3300.0
07/06/2024,35.0,Local,2700.0,3700.0,3200.0
08/06/2024,15.0,Local,2200.0,3000.0,2600.0
09/06/2024,20.0,Local,2500.0,3500.0,3000.0
10/06/2024,27.0,Local,2800.0,3800.0,3000.0
12/06/2024,39.0,Local,2800.0,3800.0,3000.0
13/06/2024,44.0,Local,3000.0,4000.0,3500.0
17/06/2024,32.0,Local,3800.0,4800.0,4000.0
18/06/2024,30.0,Local,3800.0,4800.0,4000.0
19/06/2024,10.0,Local,4000.0,5000.0,4200.0
20/06/2024,29.0,Local,5500.0,6500.0,6000.0
21/06/2024,25.0,Local,5600.0,6600.0,6100.0
25/06/2024,67.0,Local,4600.0,5600.0,5000.0
26/06/2024,62.0,Local,3800.0,4800.0,4000.0
27/06/2024,62.0,Local,3600.0,4600.0,3800.0
Market Name : Palamaner APMC
01/06/2024,292.79,Hybrid,2200.0,2600.0,2400.0
03/06/2024,224.74,Hybrid,3200.0,3800.0,3500.0
04/06/2024,132.49,Hybrid,4800.0,5300.0,5100.0
05/06/2024,132.49,Hybrid,4800.0,5300.0,5100.0
06/06/2024,158.05,Hybrid,3200.0,3700.0,3400.0
07/06/2024,208.71,Hybrid,3350.0,3750.0,3550.0
11/06/2024,182.34,Hybrid,4100.0,4500.0,4300.0
12/06/2024,142.77,Hybrid,5200.0,5600.0,5400.0
13/06/2024,162.34,Hybrid,4100.0,4500.0,4300.0
14/06/2024,169.38,Hybrid,4100.0,4500.0,4300.0
15/06/2024,170.23,Hybrid,4100.0,4500.0,4300.0
17/06/2024,169.2,Hybrid,5100.0,5500.0,5300.0
18/06/2024,160.95,Hybrid,5200.0,6000.0,5600.0
19/06/2024,200.74,Hybrid,5400.0,5800.0,5600.0
21/06/2024,225.43,Hybrid,5400.0,6000.0,5700.0
22/06/2024,187.23,Hybrid,4900.0,5660.0,5300.0
23/06/2024,186.64,Hybrid,4800.0,5460.0,5100.0
24/06/2024,205.62,Hybrid,3800.0,4460.0,4100.0
27/06/2024,209.5,Hybrid,2860.0,3380.0,3000.0
28/06/2024,229.96,Hybrid,2700.0,3200.0,2950.0
29/06/2024,200.15,Hybrid,3000.0,3700.0,3300.0
Market Name : Pattikonda APMC
01/06/2024,0.1,Local,3500.0,4000.0,3700.0
02/06/2024,0.1,Local,3500.0,4000.0,3700.0
03/06/2024,0.1,Local,3000.0,4000.0,3500.0
13/06/2024,0.1,Local,5000.0,6000.0,5500.0
14/06/2024,0.1,Local,5000.0,6000.0,5500.0
15/06/2024,0.1,Local,5000.0,6000.0,5500.0
19/06/2024,0.1,Local,5000.0,5500.0,5200.0
20/06/2024,0.1,Local,5000.0,5500.0,5300.0
22/06/2024,0.1,Local,5000.0,6000.0,5500.0
23/06/2024,0.1,Local,5500.0,6000.0,5800.0
24/06/2024,0.1,Local,5500.0,6000.0,5800.0
25/06/2024,0.1,Local,5500.0,6000.0,5800.0
26/06/2024,0.1,Local,5500.0,6000.0,5800.0
28/06/2024,0.1,Local,5000.0,6000.0,5400.0
29/06/2024,0.1,Local,4500.0,5000.0,4800.0
30/06/2024,0.1,Local,4500.0,5000.0,4800.0
Market Name : Punganur APMC
01/06/2024,485.1,Hybrid,2200.0,2870.0,2670.0
02/06/2024,519.8,Hybrid,2640.0,3170.0,2840.0
03/06/2024,374.2,Hybrid,3000.0,4000.0,3670.0
04/06/2024,366.0,Hybrid,3400.0,4470.0,4000.0
05/06/2024,365.2,Hybrid,3000.0,4000.0,3670.0
07/06/2024,563.6,Hybrid,2870.0,3670.0,3340.0
08/06/2024,541.5,Hybrid,3600.0,4200.0,3900.0
09/06/2024,461.1,Hybrid,3540.0,4340.0,4000.0
10/06/2024,482.1,Hybrid,4000.0,5000.0,4670.0
11/06/2024,309.1,Hybrid,4670.0,5670.0,5340.0
12/06/2024,337.6,Hybrid,4100.0,5000.0,4670.0
13/06/2024,305.9,Hybrid,3540.0,4340.0,4000.0
14/06/2024,404.7,Hybrid,4000.0,4800.0,4470.0
15/06/2024,509.4,Hybrid,4070.0,4870.0,4540.0
16/06/2024,465.7,Hybrid,4100.0,4940.0,4640.0
17/06/2024,340.9,Hybrid,4800.0,5670.0,5340.0
18/06/2024,333.8,Hybrid,5000.0,6000.0,5600.0
19/06/2024,291.8,Hybrid,5670.0,6670.0,6270.0
20/06/2024,244.6,Hybrid,5870.0,6870.0,6470.0
21/06/2024,229.2,Hybrid,5340.0,6300.0,6000.0
22/06/2024,230.3,Hybrid,5400.0,6200.0,5900.0
23/06/2024,235.5,Hybrid,5600.0,6400.0,6100.0
24/06/2024,300.6,Hybrid,4700.0,5400.0,5000.0
25/06/2024,377.8,Hybrid,2900.0,3670.0,3300.0
26/06/2024,452.0,Hybrid,2800.0,3540.0,3140.0
27/06/2024,468.6,Hybrid,2740.0,3470.0,3070.0
28/06/2024,476.1,Hybrid,2800.0,3600.0,3200.0
29/06/2024,500.1,Hybrid,2740.0,3340.0,3000.0
30/06/2024,470.2,Hybrid,2800.0,3470.0,3140.0
Market Name : Vayalapadu APMC
01/06/2024,64.28,Local,1600.0,3400.0,2480.0
05/06/2024,31.23,Local,2000.0,6000.0,4000.0
06/06/2024,65.83,Local,1800.0,4400.0,3080.0
07/06/2024,65.5,Local,1800.0,4600.0,3200.0
08/06/2024,57.9,Local,1920.0,4400.0,3360.0
09/06/2024,23.73,Local,1840.0,4800.0,3320.0
10/06/2024,42.48,Local,1920.0,5600.0,3760.0
11/06/2024,35.23,Local,2000.0,6400.0,4000.0
12/06/2024,36.25,Local,1800.0,6000.0,3960.0
13/06/2024,38.65,Local,1800.0,5300.0,3480.0
14/06/2024,40.95,Local,1800.0,4800.0,3280.0
15/06/2024,43.58,Local,1920.0,6000.0,3960.0
17/06/2024,44.7,Local,2040.0,6000.0,4000.0
18/06/2024,20.63,Local,2200.0,7600.0,4800.0
19/06/2024,20.82,Local,2240.0,7600.0,4920.0
20/06/2024,20.07,Local,2280.0,8000.0,5120.0
21/06/2024,24.95,Local,6500.0,7200.0,6800.0
22/06/2024,26.05,Local,6520.0,7200.0,6800.0
23/06/2024,20.1,Local,6600.0,7200.0,6720.0
24/06/2024,27.1,Local,6000.0,6800.0,6400.0
25/06/2024,30.02,Local,5200.0,6000.0,5600.0
26/06/2024,30.98,Local,4000.0,4800.0,4400.0
27/06/2024,31.45,Local,4200.0,4800.0,4400.0
28/06/2024,32.05,Local,4100.0,4800.0,4400.0




